{"cameraMode":{"drawMode":0,"name":"Shaded","section":"Shading Mode"},"sceneLighting":false,"audioPlay":false,"sceneViewState":{"m_AlwaysRefresh":false,"showFog":false,"showSkybox":false,"showFlares":false,"showImageEffects":false,"showParticleSystems":false,"showVisualEffectGraphs":true,"m_FxEnabled":true},"in2DMode":false,"pivot":{"x":0.0010880911722779275,"y":0.011149605736136437,"z":0.00041542015969753265},"rotation":{"x":-0.23185428977012635,"y":-0.5888904929161072,"z":0.18139763176441194,"w":-0.7526935338973999},"size":0.021276365965604783,"orthographic":false}